year,0,1,2,3,4,5,6,7,8,9,10,11,12,13,14,15,16,17,18,19,20,21,22,23,24,25,26,27,28,29,30,31,32,33,34,35,36,37,38,39,40,41,42,43,44,45,46,47,48,49,50,51,52,53,54,55,56,57,58,59,60,61,62,63,64,65,66,67,68,69,70,71,72,73,74,75,76,77,78,79,80 +,Total
2013,802752.5,811952.0,808049.5,790554.0,792029.0,781520.0,772050.5,737790.0,728143.5,699769.0,692810.5,687650.0,698021.0,727238.0,736552.0,760186.0,767277.0,772366.0,784290.0,813749.0,831344.5,868430.0,879702.0,873489.0,880037.0,871819.0,871732.0,873378.0,871907.0,861558.0,865435.0,870818.0,873928.5,858426.0,835889.5,778376.0,779045.0,795196.0,802593.0,835943.0,854275.0,906529.0,908400.0,912382.0,917815.5,931662.0,934549.0,942514.0,941866.5,929006.0,918709.0,885669.0,868659.0,828172.0,818101.0,787222.0,771887.5,732976.0,725010.0,717491.0,708249.0,696334.0,698989.0,722936.0,734500.0,803731.0,768319.0,637615.0,628822.5,606490.0,576444.5,499944.0,486780.0,488593.0,478449.5,460427.0,442513.5,415740.0,395595.5,365431.0,3020340.5,64012935.5
2014,1.000135735281801,821448.0871078046,853570.4092052778,853410.9168463688,825910.3218147889,811483.3946842575,818199.5064926351,791848.4333628822,766072.5672869175,737548.4538155308,738953.6819420842,678966.5696636545,733582.8661920388,693251.7498102897,764630.8589461956,710897.8590037613,771406.9849290992,748950.6480371082,802727.8702251518,757290.2801206758,865561.6992357883,786949.3419397066,923349.7782276915,886411.2929262785,933714.3820509902,917454.6945002439,890433.5097469749,950983.4751381673,960512.5467803705,874149.1357167376,1032304.9083696592,829418.7800800209,1111776.9535484652,928031.6126528295,1190491.510453068,992451.2464599942,815198.4934130632,971442.9625366457,1015040.876784659,937894.4767077451,1128954.888323571,895586.6704035659,1388918.0101665456,1204628.9217686765,1466203.8700380567,1435516.8004296164,1225034.1734506183,1612726.4511811286,1811734.900338587,1482881.1713895837,1924259.3678061229,1223446.6376142479,1902791.1422692244,1395025.2081038344,1944292.532020389,1450423.407581843,1518092.7754006216,1556870.6990707817,1847559.4993936198,1606606.556266901,1915502.9124661123,1029779.824932135,2126086.208479155,1573297.9856082753,2279629.7741136313,1850562.6624040222,1780485.3548424141,2539260.1412197505,2137434.7243041135,1951501.264850765,1984268.3146021403,921031.821887067,2083431.2239812876,1258141.9449766246,1691785.7990397303,1238235.9640232823,1117352.1415323734,1626034.7333840374,1885588.5899437736,1230583.5871538464,12846546.63884751,110581819.43250094
2015,1.0118327026711764,1.0234282504201395,863553.2394199428,901487.2300679678,891578.4183912022,846196.9342675993,849569.1896018371,839180.8533178549,822203.2858244579,775967.42608148,778848.6565676355,724187.7058279922,724319.4099068425,728570.6384456607,728897.1161069621,737998.7299648327,721391.3095040469,752981.9885947326,778392.0558421462,775093.4140477102,805508.1624382926,819339.2866877905,836716.258485377,930391.9631216032,947527.6421542566,973414.3486411085,937043.5877833482,971385.1888867833,1045860.5090247387,962982.5343908735,1047391.4042321976,989344.1769405911,1058922.3977148498,1180604.773859454,1287022.7093485792,1413470.0620706307,1039400.959048203,1016525.1551535487,1240014.1807044847,1186156.90888024,1266642.048813001,1183549.7345345896,1372152.9660811764,1841843.6867151272,1935846.5939233839,2293228.092459271,1887548.4210891626,2114009.01945711,3100041.7991712005,2852408.033687868,3071506.5192148634,2562540.100771974,2628480.1941712494,3055792.444701842,3275089.104795229,3447065.0929762246,2797022.055178777,3061941.229119877,3924291.1765130213,4094152.087307738,4289196.014607012,2785102.7729744026,3144181.791436711,4785436.03551671,4961071.148131541,5743495.907527844,4099505.5791409663,5884424.95054378,8512194.34907344,6633360.873721,6384774.89447373,3170425.359094916,3838242.7951928363,5384880.669634839,4356400.267068253,4378372.262474638,3004918.4911480374,4105758.1103235856,7374879.82903066,5865522.663704142,43260559.299490616,228657296.31160116
2016,1.2607394396750788e-06,1.0353976326232033,1.0758863461181942,912030.4657066495,941804.8713906424,913478.018586837,885911.9587641142,871354.9590597871,871350.1548126639,832823.1484341725,819418.9604998673,763285.4880762823,772561.1763285617,719370.4750136101,766032.0185106989,703509.5950787662,748892.212121344,704160.9337193661,782581.8692466385,751595.3767259656,824444.8503526327,762492.7071242748,871154.5532241014,843097.7086518632,994540.6947440614,987814.9253533316,994198.0559021628,1022232.7131115352,1068297.6462452402,1048549.9715499962,1153830.1506409934,1003802.8283632732,1263099.815403361,1124478.1013841669,1637298.917414016,1528081.5133044694,1480336.8360335457,1296098.1033460416,1297560.0792266557,1449056.3101372875,1601924.5816989,1327895.2738750244,1813349.0955313349,1819611.5676266612,2959854.90887247,3027776.615922772,3015345.458738879,3257292.3052463466,4063625.495410149,4880727.379635715,5908221.13057324,4090331.457886738,5505418.621921505,4221214.688238485,7174058.56469202,5806454.092479125,6647381.061483138,5641497.863824167,7718013.419873781,8696144.788190743,10930255.915847287,6236404.88164702,8503632.732019302,7076985.301419043,15089886.889960093,12499350.622548787,12723424.067194954,13548683.705362806,19725969.780908212,26416926.93704877,21702530.62877566,10201469.271362543,13212206.139968544,9920403.992843648,18645507.910288878,11274442.724602163,10625318.723493584,11041701.185601486,18621664.131176364,22941125.656983193,206199557.40069214,612724217.2463399
2017,1.275368707285069e-06,1.2901012467260567e-06,1.0884692456799951,1.1362833007918671,952819.6371616242,964938.1704031657,956350.7830888783,908629.6772617934,904757.6281938194,882604.8154161971,879458.4097638373,803045.1050149392,814270.5679717711,767282.6280660199,756358.8044219216,739351.0870754346,713893.9885875332,731004.9793988665,731841.6484157782,755640.9529372413,799450.6554437416,780418.1448852842,810712.9786205351,877798.6566609946,901227.6697731514,1036826.893942497,1008906.1043207513,1084583.2459717535,1124218.089616373,1071044.80656022,1256355.6746056883,1105811.985838566,1281559.2356623919,1341295.72228194,1559460.726245751,1943964.305587209,1600370.1905739093,1845930.3397731227,1654425.5192673248,1516303.3212389648,1956974.5841350516,1679391.650652709,2034504.865812411,2404681.60033038,2924127.747391143,4629385.152593851,3981196.854739233,5203501.775462908,6261286.463669649,6397800.255898664,10109499.165744737,7867990.056134512,8787759.836927844,8841441.53084786,9910110.694876017,12718994.928000707,11197268.379806373,13407540.347759392,14220114.941167451,17102951.630632877,23216306.084684506,15892372.630931566,19041342.81732876,19140141.32931786,22315815.513516247,38018762.775303066,27689501.497999363,42050350.95274779,45418359.07319587,61217998.6846055,86428912.41462456,34675881.76239191,42512880.663519025,34148549.09891969,34350059.44790433,48254911.88098281,27360521.26160784,39043186.92576907,50079630.94515514,57926630.22030616,806483961.9520396,1764765515.7702384
2018,1.5892482046523603e-12,1.3050712205274646e-06,1.3562282611339085e-06,1.1495725656842064,1.1871018382422724,976223.4888946456,1010226.1424144953,980874.7864735454,943461.2417802158,916443.7913023442,932027.6806369136,861884.8294579908,856686.0027897125,808707.0389937392,806734.4871316063,730014.7914908774,750264.5311606803,696842.6857346551,759740.9391879408,706647.4989261138,803753.8199573933,756758.6809255604,829772.0265360405,816896.1075127065,938321.1812277086,939546.3559451401,1058964.5444447438,1100628.4421990456,1192789.1654972418,1127109.0510745689,1283308.623326517,1204070.774787317,1411794.7502382582,1360897.927212463,1860150.0541498808,1851547.0544467939,2035927.075299681,1995607.9033771537,2356267.8265065644,1933329.2922379924,2047792.7881374632,2051611.4270813426,2573042.130714926,2697956.1898246706,3864339.134938776,4573505.794990818,6087137.839680457,6870245.942157206,10002361.525218671,9857812.976310542,13251827.303338638,13462840.531979596,16903766.289974116,14112726.0470182,20756978.913465332,17569782.36620581,24527533.92379154,22584507.522342708,33795415.58387464,31511468.662981953,45660159.723598376,33756042.88245697,48523487.68067506,42858623.380024485,60354493.41996505,56224390.701714925,84222022.45608921,91512571.58044297,140962618.97160152,140952311.94619778,200288438.51212418,138094436.9578674,144505814.21689346,109879695.88840742,118241625.28600144,88898575.44993334,117103751.79924746,100537402.57611755,177080357.39229342,155783298.57601964,2036382126.191912,4430519121.413567
2019,1.6075437522704803e-12,1.6262607686070042e-12,1.371965554303283e-06,1.4323627497910033e-06,1.2009854452367523,1.2162603004849084,1022041.1209439521,1036131.6885529459,1018475.8072904159,955647.3141762287,967761.5239826718,913403.6466733939,919456.0365319995,850832.6690342425,850288.8433519938,778635.8867891966,740790.4239983672,732344.5207037989,724235.7185605715,733586.3375241059,751640.8744357375,760832.0494055066,804616.3308551024,836100.5145786528,873219.518764502,978217.0211779452,959606.9359513978,1155237.8282822801,1210435.1472964936,1195856.4595899591,1350483.8974185677,1229902.0409685888,1537242.1537563342,1499196.0541376204,1887334.9932779465,2208555.3650855464,1939137.8578841349,2538732.717028786,2547326.188716167,2753488.4806180345,2610993.2796987733,2146821.4858265375,3143330.286109728,3412110.268151144,4335633.327612844,6044051.06555976,6013662.563610183,10504412.509176325,13206238.153826645,15747787.584735593,20418586.06483308,17647485.28262414,28923868.526541933,27146647.97856204,33132329.829633355,36800356.05233687,33881877.88895417,49471197.40430522,56927131.8733914,74889913.58576792,84126922.846456,66388955.418984644,103065852.34273022,109217606.31811664,135145841.31185392,152062317.26520976,124552498.57146412,278350040.3291629,306771559.9639352,437466422.1139619,461157160.8184092,320016975.4863435,575484977.9498032,373492802.0035193,380465764.157104,306011465.94090223,215736726.25228384,430302731.63453734,455987345.8414177,550845956.0695043,5476485056.577967,11830800210.609516
2020,2.0033559320658626e-18,1.644982407709336e-12,1.7096183884446003e-12,1.4489834862587023e-06,1.496422988986715e-06,1.2304849267730147,1.2733437117710822,1048249.6422862398,1075850.9368479976,1031630.7938140912,1009160.3106862234,948423.4465138522,974416.1493738509,913173.8245689489,894580.4737144333,820673.242722465,790129.2075697916,723096.7018602946,761133.1381438592,699303.4084103254,780294.9519366827,711502.0205368403,808947.3004008321,810752.9619608341,893748.0326624854,910347.3454181314,999103.271965521,1046847.3552855109,1270492.7632484871,1213547.8185751368,1432855.9341800294,1294281.7273563242,1570221.0384616503,1632409.6479155899,2079131.0782240694,2240832.031705462,2313035.096453482,2418039.8121160255,3240606.6969838864,2976755.544553571,3718631.868603927,2737257.648662914,3289204.2353603486,4168369.191236445,5483283.624797287,6781182.582219195,7947269.612146175,10377618.171772543,20191966.114485275,20791993.242350448,32618549.053664263,27191472.453036997,37914253.15677043,46450362.81257329,63731960.18955551,58740799.40327949,70966455.02186568,68338589.38615659,124698463.12935361,126149299.04037337,199935396.52465874,122318856.61808585,202702499.82284465,231982617.57455036,344395226.1613749,340498091.0972034,336859880.873211,411640471.09579325,933094487.5998889,952041454.1303179,1431269699.5879564,736827951.3549814,1333616082.8658855,1487410718.3175056,1293243698.6880934,984652282.5479522,742620582.2041888,792733803.9467212,1951637852.9651253,1418445214.2208223,19364718005.498802,36397265429.84451
2021,2.026235159058411e-18,2.050012797458215e-18,1.7292996468805312e-12,1.8055911133413457e-12,1.5137870625412552e-06,1.5331792232184713e-06,1.2882359502409495,1.305996464348393,1088433.4222797987,1089747.000430864,1089398.606531238,988994.9912527783,1011775.1621571489,967758.4207306468,960127.0641074008,863422.1935045471,832787.0702440238,771257.0323917466,751521.7855927704,734930.6090783922,743829.1739406374,738625.9233632357,756497.6254519604,815116.9628550626,866652.8151737116,931748.6972326783,929784.4872267161,1089934.408276494,1151288.4676687315,1273759.8745371178,1454053.4353536344,1373225.7430748914,1652414.8511786151,1667430.1874180392,2263875.7766251154,2468551.441473053,2346838.6695350655,2884277.1169188,3086546.274114134,3786909.582170934,4020157.742056633,3898460.254203367,4193827.7172534494,4361812.584235029,6698596.68421591,8576174.367198104,8916517.363192469,13714392.63021642,19948237.399325885,31790371.952401645,43066662.40256193,43438187.89579829,58418769.23421325,60888494.679874524,109051131.31828153,112991338.31886952,113276792.5634392,143136913.6570643,172256131.16330358,276329110.5226493,336783805.9535154,290702052.00558,373470825.91493666,456246714.3961396,731509403.4600036,867699042.4022183,754296978.1560855,1113306931.9870758,1379915210.352724,2895785492.3709946,3114817542.941412,2286854916.6888585,3070604628.828696,3446892502.46311,5150258662.299788,3346938094.7458124,2389528278.249742,2728791009.516968,3595443824.4688067,6070982885.11132,49864742178.791176,95547974579.02145
2022,2.5253669916773267e-24,2.0734248668663253e-18,2.1550907718713235e-18,1.8263772171709974e-12,1.886343421810115e-12,1.550969805827928e-06,1.6051367640010682e-06,1.3212705891648795,1.3560607548367567,1102492.0056055053,1150769.1228873085,1067629.9433580756,1055056.7590093557,1004862.1768973041,1017518.27117902,926685.7930540117,876167.0315057262,812896.0153063189,801575.3088665188,725650.133915184,781724.8154090339,704107.4776439131,785336.8521707767,762267.2658156191,871317.7055137439,903501.436624794,951642.786724154,1014313.6684123348,1198674.198705728,1154249.0414382138,1526198.550264739,1393541.0822559462,1753203.0035783942,1754712.449715023,2312443.335120725,2687898.7430063225,2585330.7604570007,2926429.03776894,3681682.470293094,3606877.586266658,5114284.208888941,4214567.5417232355,5972938.161913746,5561433.466665139,7009461.488045684,10476994.6459763,11276736.281278951,15386997.79683709,26362307.366372697,31406643.767317206,65847713.61589687,57351961.62188717,93323577.05232002,93817776.25987667,142947413.691894,193338369.5745598,217894487.68546006,228475418.01977298,360794848.04549325,381715879.3452984,737722446.7001048,489676891.50960916,887587886.7693574,840615371.7661203,1438680041.4960084,1843027895.4942443,1922192173.0130312,2492917982.340997,3732065423.864956,4282458529.0605063,9474212927.494802,4976794949.7672825,9530077244.94082,7936350055.402363,11935094826.335228,13328962617.124773,8122261395.92273,8780423595.748915,12376430441.829859,11184389506.263264,213422410187.498,331736538957.4866
2023,2.5539764712504723e-24,2.5841811574034725e-24,2.1797028790710384e-18,2.2760709480172376e-18,1.90805915242842e-12,1.9326771664557616e-12,1.6237623217747324e-06,1.6462977899857748e-06,1.3719204005506138,1.3735761055475624,1164227.8049669263,1127774.1371437765,1138944.2796205352,1047848.0508930376,1056529.8147835091,982078.0616689303,940364.4550102558,855239.8495392968,844851.1289742864,773980.5304024573,771853.4375615871,739979.429784016,748635.449409816,791326.4429492622,814824.1237825877,908364.6702635973,922792.4090611117,1038159.1640654533,1115508.9833736045,1201756.6263426775,1383002.596409809,1462683.7829767414,1779139.68139743,1861740.18894983,2433489.0540035376,2745562.9844718347,2815054.6853263984,3223820.668992764,3735487.9757255707,4302342.101014611,4871148.012006161,5361604.595869459,6457254.829975375,7920711.204069944,8937260.129839906,10963205.271706523,13776108.155511472,19459965.056741253,29577450.22351148,41505000.154458195,65052893.609524496,87689533.70213524,123216240.56604826,149873244.27468887,220255214.801802,253433591.78390968,372837118.448004,439485732.52777386,575901433.2534213,799513618.2083141,1019076028.2992849,1072633624.6310834,1495109079.334807,1997800014.4559298,2650707434.759989,3624734605.7704325,4082813996.839163,6352759685.360598,8356844585.365458,11582172067.917843,14011025355.426226,15137713333.29842,20739942860.99551,24631640414.000816,27480140566.765987,30888241388.059742,32346376134.868965,29845595995.1384,39823607415.733955,38499508132.087074,393181698923.31976,712100957336.5532
2024,3.183397562187792e-30,2.6134569332727603e-24,2.716639121506506e-24,2.302064703314196e-18,2.377864749467093e-18,1.9549262947076196e-12,2.023384563163692e-12,1.6654009687850707e-06,1.7094072493435545e-06,1.3896405999423038,1.4504916917183244,1140963.8841291235,1203105.9171717952,1131162.4074108887,1101725.920811949,1019730.8313645705,996574.3601132401,917903.9225351381,888859.5082543236,815766.5507926998,823261.1076272507,730635.1996831534,786775.9547506706,754345.1266926761,845886.8751397883,849469.0763642698,927759.4792875224,1006685.9218200746,1141733.4792494075,1118377.549096742,1439925.4188798764,1325447.1177635817,1867414.4542747464,1889282.5530485595,2581918.4060292477,2889280.5148199173,2875446.8386899303,3510278.6914955378,4115098.3637378975,4365218.161934141,5810384.375705938,5106710.636639896,8214661.8437963,8562963.367920317,12728634.958669886,13978394.422620842,14415422.232949786,23773064.886619557,37406656.93312512,46566943.44066575,85969719.63368456,86631070.28847016,188394160.7961231,197879445.94763145,351856171.8978004,390493740.0033742,488725803.8151673,751999721.769921,1107779845.424205,1276185181.4850163,2134480661.4080803,1481716082.9236228,3275025427.566589,3365220486.7059345,6299650862.1487665,6678420977.159403,8029784692.5958395,13493518767.839643,21295937433.481045,25934811140.666813,37893678459.066635,22386544081.197945,63083834626.021675,53604897592.00656,85288695211.47394,71119101067.47899,74958772320.29712,118858139004.57602,135364687709.87769,123879765232.56815,1353431227212.649,2237005447784.3027
2025,3.2191701869057575e-30,3.2575368347813434e-30,2.74741549250941e-24,2.8691428970942758e-24,2.405021035821328e-18,2.4362715999004933e-18,2.0466779219460156e-12,2.075270848774542e-12,1.7292427326465507e-06,1.7314865458448756e-06,1.4674557431146167,1.421507567006594,1217176.6979437848,1194885.658578267,1189324.104607067,1063352.7548824279,1034782.9163680824,972771.2583903566,953986.9191651938,858259.9115044727,867707.7107115919,779297.6159604338,776840.7926865548,792776.5212467962,806355.7684447406,881852.5637139579,867606.3851425098,1012104.5616143775,1107120.2372573442,1144669.48207175,1340021.9524895553,1380001.0218370648,1692203.8344140665,1983022.2352192386,2620115.001469443,3065510.6211068905,3025963.1883934196,3585585.679381266,4480752.368943174,4808823.434117733,5895299.538980986,6091367.296015197,7824131.799355804,10893460.19329219,13760738.406762606,19908325.071549084,18380067.940607276,24876312.253314327,45697455.255945735,58893300.96224982,96454573.1091069,114486049.90532471,186120134.26032028,302552098.5451815,464559933.1978286,623811030.4506538,753035008.5976906,985743238.2823265,1895511216.5983286,2454816295.7184896,3407062154.062759,3103492023.0396943,4524059041.761095,7371490692.995733,10611529676.14286,15871883828.010641,14794540391.38055,26538081464.190136,45233433290.35501,66090270048.57652,84851562254.3088,60545783174.54126,93292098586.64427,163047821177.87634,185610527586.6329,220728686591.72458,172589965144.53964,275439206633.53564,539081037978.014,421080530430.65826,4354932071087.7476,6776879946168.208
2026,4.012890003400412e-36,3.294142580818133e-30,3.424509144710003e-30,2.901646959029581e-24,2.997460936851561e-24,2.464094918791282e-18,2.550614470161488e-18,2.0991615264692555e-12,2.1548246342948724e-12,1.7515782311250555e-06,1.828443898322521e-06,1.438132638052917,1.5164598201386879,1208860.3003030557,1256323.8547232007,1147899.8897928856,1079048.7361776002,1010067.2062261791,1011011.1015553917,921145.266733058,912906.6916060955,821370.6976355729,828580.6350200193,782765.5858951829,847436.933539502,840640.6607869656,900681.3035586369,946482.7896588483,1113079.4800009346,1109967.2310613596,1371524.5227873495,1284255.1700755511,1761853.030084106,1796964.6869149911,2750116.068325249,3110861.4225646793,3210530.1806171834,3773274.5146425916,4576879.199324037,5236119.550415899,6494395.8176958915,6180388.850367456,9332751.34493767,10375578.438170407,17505862.120811816,21522594.867078178,26177281.62017057,31717996.319426384,47818157.71548221,71946391.53155984,121986280.04300788,128448750.53238238,245964397.16558245,298900119.6428252,710299051.1010916,823625201.9430217,1202968182.4724853,1518845868.4202797,2484691564.050584,4200412060.6120257,6553681877.567858,4953799960.951093,9475756732.128212,10182839754.524942,23244477607.083614,26735603280.68376,35160590682.12263,48895298337.667404,88961860743.5072,140378409296.21713,216229169089.1676,135574177519.34476,252314209483.94247,241124742936.75098,564563938560.5209,480363404202.75165,535658574890.0293,634189189614.6938,1249254402394.189,1676925742283.73,14802878444598.566,21195649137370.414
2027,4.05761635195841e-36,4.106347619057306e-36,3.4629911998362756e-30,3.616750569037835e-30,3.0314186933783455e-24,3.0710867613051533e-24,2.5797436361270814e-18,2.6160206778054965e-18,2.179631141289835e-12,2.182657096118828e-12,1.849660649585024e-06,1.791907428462014e-06,1.5341953938590513,1.50609856125839,1271017.0394928227,1212566.0354436291,1164843.8579315788,1053275.7403438867,1049773.1609602312,976206.3526272114,979796.0578955786,864155.9789134006,873314.431220168,834900.0365825839,836735.7635012027,883468.5279922404,858589.4710032174,982564.636895476,1040910.8024005758,1115941.7981812884,1329944.8449832993,1314446.7193262535,1639613.9038989344,1870925.720772611,2492085.7527104868,3265211.633737536,3258026.384281562,4003423.3580500083,4816457.667910836,5348451.483634396,7071466.310847328,6808456.675722814,9469143.716425918,12376158.289065864,16673622.736889666,27380186.08361898,28299870.783077594,45173441.40207381,60969493.18600639,75285240.2403378,149023276.36683846,162449376.41156015,275962176.330623,395007171.21684206,701725330.5370694,1259299732.062661,1588293351.440355,2426345698.312054,3828444740.7754683,5506023030.171623,11213940712.371471,9528921857.344994,15125221196.355045,21328216865.746628,32109487823.87791,58564142092.24688,59226719006.89937,116204189224.60143,163908484778.6509,276086151122.82385,459279509341.8427,345486765076.8161,564982227228.2191,652136674196.489,834910479473.715,1461101689344.994,1165733283234.3145,1968300284638.0557,2876364794831.277,3886070402130.398,58951497705810.164,73945786707600.45
2028,5.058521825423956e-42,4.1521156153778214e-36,4.316827617319574e-36,3.6573928885336634e-30,3.778504221593792e-30,3.1058786130457038e-24,3.2152237594635345e-24,2.6458968121192783e-18,2.7163036592012886e-18,2.207784012555902e-12,2.3048784635987383e-12,1.812700220753858e-06,1.911601232199476e-06,1.5237129561197644,1.5835385892275047,1226747.4558927908,1230464.5302978498,1137021.6522323764,1094680.23165969,1013634.0016151434,1038362.9711185883,927473.3434767948,918805.4667432287,879975.007569662,892464.7840236757,872312.3621852538,902331.7708505138,936646.1238679782,1080592.4373648108,1043587.5366027331,1337103.4750038972,1274597.4347001917,1678159.5800894294,1741119.0221663779,2594657.18334263,2958852.350176328,3419678.413128933,4062649.5295766443,5110234.904973445,5628418.194564667,7223172.45004804,7413433.576076493,10431423.703323407,12557028.16511536,19888567.704790257,26078515.303816896,36001965.978939034,48836337.28876414,86834042.10074034,95990794.3160675,155939066.90592366,198454599.22267804,349009883.492677,443182183.646764,927355057.9968959,1244099255.5981123,2428455791.7693663,3203533391.052997,6115913813.998386,8483751149.41229,14699561597.844757,16304844628.91615,29094241186.810875,34044140952.296787,67254138949.93268,80899413581.73593,129735691810.01572,195741673535.9164,389543641787.3936,508677115347.0329,903277880547.8698,733827876308.1539,1439757080459.6646,1460265085340.6814,2258066661697.1987,2160763429419.9834,3545763175457.1245,4283536679447.7617,8927225088508.682,8947541888586.979,136612889061992.69,172762854321191.25
2029,5.1144392821013784e-42,5.176331530686717e-42,4.364941554286055e-36,4.559161059767283e-36,3.820964206837178e-30,3.871314601571064e-30,3.2516485162504158e-24,3.2976727517724767e-24,2.747325070326904e-18,2.751388378715705e-18,2.3314124018226766e-12,2.2588217469586125e-12,1.9337829178907244e-06,1.8985401573330785e-06,1.6020586746365046,1.5283838652690778,1244855.2804441294,1201074.9799006754,1181718.2129927762,1056995.1156793188,1078173.6983285698,982912.6875998238,986127.0407648217,925812.9931767783,940647.5873344969,930410.887018009,890937.4058793051,984365.1525595001,1030092.7592272694,1083371.2141139964,1250409.7650400817,1281458.148882919,1627283.8330761055,1782050.9817441453,2414637.2716779546,3080635.365972142,3098826.2460500374,4264224.182906746,5185835.115581893,5971720.52591254,7601272.137314516,7572476.034402612,11358325.449032541,13833107.318633521,20179226.784251574,31106876.138731923,34290410.513717026,62127638.9239709,93874994.61096676,136712120.10071307,198826687.0029296,207664371.50257105,426364311.6598872,560493341.2877396,1040455134.9102503,1644121548.877358,2399142925.1275826,4898112310.659859,8074914524.165348,13552733384.550718,22649273698.676315,21372867407.942272,49782870428.464,65485881826.482056,107351186479.8225,169445879418.48532,179214464911.29535,428770694342.7698,656171906258.5844,1208918112285.5366,1664251483695.2554,1443239847012.6665,3058102328517.3657,3721226783153.3525,5056265100426.949,5843917382451.995,5243683896051.391,13029058050539.393,19427978754443.496,27770024362630.08,314546423742852.5,403746800828399.8
2030,6.376612074289022e-48,5.2335512688047575e-42,5.441655938812199e-42,4.6099759653636024e-36,4.763062584058585e-36,3.9148175199787816e-30,4.053009131542605e-30,3.335031560033485e-24,3.42408629965499e-24,2.7828104731392267e-18,2.905456762023799e-18,2.284825476716713e-12,2.4097039647361406e-12,1.9205702859670304e-06,1.9961586045358426e-06,1.5462588952273493,1.5509440969992896,1215122.008089708,1248289.490470044,1141036.7549516172,1124295.6838181303,1020597.4567659589,1045072.3859291844,993648.0139796324,989646.0136519558,980642.342163298,950276.4124597444,971934.8955569892,1082572.5855778065,1032741.674498068,1298077.9261712797,1198372.3120970265,1636042.9353377023,1728025.6220657593,2471402.9688767116,2866897.8017136785,3226370.429067046,3864132.3015347775,5443138.362647711,6060065.4528775215,8064907.630581474,7968860.14958755,11601998.773052301,15062271.398905536,22229894.370156616,31561483.83686311,40902157.97063981,59174053.00025031,119424020.98450753,147797444.72587276,283173174.1199012,264777902.12321278,446150792.97118646,684720888.8659211,1315865566.2264693,1844638354.2038836,3170552963.752534,4838989260.758983,12346316835.280357,17893836796.48401,36182057015.326485,32931589178.753384,65256843169.62792,112052249410.07681,206496240325.1951,270469839978.6671,375369255065.44696,592295839982.1921,1437339728287.7935,2036378000187.9146,3955247250831.5435,2659108684541.3486,6014455540940.917,7904036344012.456,12884995541780.459,13085705578090.146,14181865099616.223,19268140171692.15,59093287145360.43,60434842627865.57,976241515187433.1,1180931567212798.0
2031,6.446516107338981e-48,6.525119249897381e-48,5.5018086021223883e-42,5.747133788096158e-42,4.816150108799519e-36,4.8800564055172623e-36,4.0985537962628735e-30,4.156941717177138e-30,3.462877226823006e-24,3.468312985066103e-24,2.938638386772242e-18,2.8473991243166317e-18,2.437444662195067e-12,2.393239587459578e-12,2.0193214703102847e-06,1.926632305928796e-06,1.5690829774385866,1.5138999168708895,1262888.710297399,1205316.2706521254,1213688.3885650386,1064256.452681566,1085140.3513980336,1053042.9222771337,1062158.1283212337,1031724.0992349631,1001580.3768201419,1036668.5690817798,1068902.1956542954,1085356.4543391364,1237414.4278879154,1244056.6997796325,1529966.9027972121,1737326.982299715,2396478.942756473,2934295.689761174,3002521.6203046003,4023175.616111418,4932434.568787799,6360744.993145128,8184218.919934581,8454916.475356031,12209309.776367465,15385406.50852433,24205169.12503626,34768847.159516886,41499917.63640317,70583770.42791748,113746530.0409742,188022009.6261633,306134317.27197486,377102289.9955776,568854783.0269287,716497040.6227531,1607513548.8043225,2332917596.343003,3557233104.186378,6394896936.559209,12197289646.835596,27359172388.39442,47771604799.02662,52607984393.8042,100548583835.12646,146881367097.2372,353333689305.3018,520264441487.5614,599165129886.2281,1240578701850.4546,1985514292227.771,4460671012525.607,6662468206113.456,6319617207636.104,11081381237365.092,15545089757703.361,27368252189233.535,33346601629037.594,31756046346415.72,52111868307165.43,87390641403713.8,183822185217096.56,2124557096771441.2,2589524562321220.0
2032,8.038154744784615e-54,6.596651302715665e-48,6.859578778361458e-48,5.810663237153796e-42,6.004165580642365e-42,4.9344479048085226e-36,5.109094767440944e-36,4.203654298033937e-30,4.316294627658246e-30,3.50760494929409e-24,3.6625267058731344e-24,2.8799177046951294e-18,3.03759646740187e-18,2.42079074574043e-12,2.51629431001028e-12,1.9489884079927945e-06,1.9550710197024547e-06,1.531605551549994,1.5734116416359645,1219412.9023478003,1282060.68375162,1148875.440567803,1131560.355539207,1093416.4772720844,1125648.2010044348,1107319.3071767532,1053752.798198163,1092636.713323147,1140094.1716598114,1071650.9105867087,1300456.6090094694,1185917.7930546047,1588292.3500921633,1624684.0011606803,2409378.3544637025,2845338.4255380537,3073107.888118023,3744043.6661669486,5135447.996263053,5763946.531789369,8590291.626810526,8579997.50941802,12954010.039475674,16190761.417266954,24724449.369789276,37858291.71138403,45717251.4730553,71615308.44724634,135678706.39772436,179083328.3789797,389451858.628338,407679690.8757082,810175017.0018656,913553836.5146768,1682114156.5973353,2849984634.1597757,4498839398.052006,7174817560.424768,16119153400.361164,27028931346.177933,73041438000.79994,69458954162.54561,160625662506.14465,226316700840.16953,463160138238.2068,890219377532.8181,1152528916657.2786,1980214119823.737,4158710186503.268,6161887738848.031,14594087539809.082,10645162249169.41,26335925251625.168,28641173719146.21,53825908469586.16,70829531921692.66,80924656336470.47,116688947013424.94,236353356137594.84,271847098822553.78,6462178292608717.0,7388262760133242.0
2033,8.125537840994081e-54,8.225358175751363e-54,6.934777365957026e-48,7.244654460427666e-48,6.070536287407381e-42,6.151644280229691e-42,5.1660390527791365e-36,5.2401088886032856e-36,4.364797896530914e-30,4.3720453850671215e-30,3.704018886345559e-24,3.589341087913949e-24,3.0722871870972886e-18,3.0168419950745053e-18,2.545262083725694e-12,2.428651660181026e-12,1.9777571166418306e-06,1.90837429919667e-06,1.5918132885455154,1.5192458693080773,1297054.8705143803,1213596.543196121,1221530.6740434144,1140190.5165358589,1168805.4347570203,1173508.8710670948,1130962.0656351661,1149552.268319916,1201646.1053744766,1143025.958952175,1284034.8474014217,1246336.3905915923,1514066.1666630313,1686620.256714574,2253161.6127082733,2860653.8915505353,2979942.338598465,3832062.37255628,4779145.475613747,6001184.051088128,7784305.404913137,9005707.384449821,13145650.131451719,17178308.175290834,26018660.00081069,38670476.20322815,49779534.954637766,78893049.7233379,137661566.5256845,213613499.44570798,370937079.25584096,518633829.59289557,875868190.8041866,1301102701.6280901,2144742761.0859358,2982245159.159523,5495960584.334202,9074005264.565628,18085042812.014225,35719697017.271706,72159785578.42596,106200784240.08386,212075992986.6616,361539353634.9099,713643102037.273,1166925607266.863,1972080913009.5923,3809056836640.78,6638141231414.822,12906230596247.57,20160000327015.41,23318149510611.523,44361895360813.25,68068392741769.78,99171971284651.02,139302425153055.8,171887246352709.3,297361101955686.4,529242668641621.25,735227172279897.1,9556650732037854.0,1.1712787010111984e+16
2034,1.0132642603747332e-59,8.314776367817813e-54,8.646967239363986e-54,7.324074465743537e-48,7.568660580869566e-48,6.21964523276207e-42,6.440362772804503e-42,5.298513414128516e-36,5.440984113576106e-36,4.421175138971448e-30,4.616865043911986e-30,3.63000416020172e-24,3.829097830310136e-24,3.051295689348785e-18,3.1719608793803037e-18,2.4566104849678615e-12,2.464500601988588e-12,1.9305185404604877e-06,1.9833928950608382e-06,1.5370140269319352,1.6159786816269532,1227790.0158249473,1290344.7589535501,1230847.0187949233,1218804.4538256107,1218501.077881074,1198564.8658534437,1233780.8356549607,1264239.9704379025,1204736.1753609988,1369555.2798769984,1230598.0422699833,1591202.840810032,1607798.8832168542,2339056.7119086264,2675177.8207623577,2995982.3306065616,3715888.0598636447,4891498.385974058,5584815.896676077,8104698.610079149,8160744.677054388,13797891.937877566,17432442.034124773,27605654.13096467,40694696.87080879,50847469.20295494,85903224.7092875,151651107.12193003,216735328.22850388,442459766.0276162,493977660.3712475,1114244550.7639174,1406602827.0565772,3054588015.7347126,3802446279.7634444,5751014111.131992,11085164608.82946,22872187662.48273,40076065643.43891,95361730905.32294,104918879320.82062,324258219047.91766,477344754440.7557,1140039886047.9185,1798013994434.8008,2585061362482.2734,6517639753364.829,12768850088978.434,20600950203537.63,42225633453284.875,32211256817325.64,97174405085113.58,114658698615602.7,235691342700335.78,256658856300903.47,338055463874664.3,631607019436116.8,1348681149133471.2,1646321410763976.8,2.5846548757061308e+16,3.063633719088823e+16
2035,1.024186771677535e-59,1.0368625303808198e-59,8.740968760134372e-54,9.132381419314205e-54,7.651632524783534e-48,7.754567549138932e-48,6.511555251311798e-42,6.605515017390538e-42,5.501627528111797e-36,5.511261750194739e-36,4.668745896794167e-30,4.5246095742846836e-30,3.8724770684647744e-24,3.802935400306417e-24,3.208186101174011e-18,3.0614813319292406e-18,2.4928721225519417e-12,2.4056361952035525e-12,2.0064076311153204e-06,1.9151132375651613e-06,1.634878166241,1.5296827730200002,1305435.831122991,1300185.9335373384,1315711.5470869185,1270625.9712263374,1244517.716874852,1307529.5862808973,1356871.7927675762,1267491.002477152,1443495.4664870498,1312559.4290590645,1571109.6262107897,1689710.9299155453,2229744.813164546,2777161.0353693063,2801731.9767021537,3735889.391436801,4743205.793688146,5716109.309488021,7542386.510730569,8496631.69684843,12503301.337664444,18297379.665132284,28014048.912240528,43176847.95239242,53509099.16359657,87746130.5498409,165126322.0041763,238760558.28665194,448926041.0355083,589224567.3287992,1061272683.8506088,1789423969.9444745,3302269784.7365885,5415524438.35248,7332704403.786805,11599598852.895008,27941571313.910454,50684275602.69746,106992032597.18983,138654041949.80695,320344234710.7645,729846682630.2212,1505208365249.6304,2872314835631.878,3983095817994.917,8543512890294.862,21848654014329.78,39627123869345.03,67400637668512.64,67467296695196.945,134234910743796.0,251159034914604.56,397013379344880.1,609973459979563.2,622852966335736.6,1242199223459751.8,2864653363104673.5,4195358355763497.5,5.787561751989474e+16,6.840771676104314e+16
2036,1.2772887379470183e-65,1.04803941991539e-59,1.0900092300367215e-59,9.231659896716404e-54,9.540813248634746e-54,7.83957751053032e-48,8.118516918017807e-48,6.67853310697564e-42,6.858731953028174e-42,5.572688456091164e-36,5.819873647522222e-36,4.5754537296672e-30,4.826839322189629e-30,3.8460182484673474e-24,3.9984733493755686e-24,3.0964448275345515e-18,3.106671372111902e-18,2.4333300641866214e-12,2.500202260990625e-12,1.937335675583754e-06,2.0370515578339915e-06,1.5475729941978917,1.6264203784147686,1315392.1019822867,1389831.246282673,1371653.3912586311,1297755.5468907265,1357660.133234371,1437978.2555884724,1360361.0303922286,1518687.2888088138,1383422.497200517,1675750.0687751053,1668373.7858037394,2343342.952315302,2647375.0646620886,2908539.692897162,3493665.721083111,4768736.818915734,5542817.487553827,7719700.442659815,7907126.8877609195,13017923.07747984,16580623.52371155,29404009.369510356,43815601.13288379,56772857.799891025,92339234.86088605,168668823.0485835,259976030.36184695,494547119.12055445,597835718.8645898,1265903274.835921,1704353660.8077626,4201015805.14835,5854643123.44344,10443392746.7327,14789814100.115578,29238268442.379433,61917920670.51172,135313024878.64252,155564267082.71725,423346334286.9582,721037010842.3313,2301421188406.6006,3792351803770.132,6362967832943.055,13163954619492.125,28639854958330.715,67805582567817.33,129649040038179.55,107691429284484.94,281158434809464.34,346946406358032.6,869654883653780.9,1027477810099600.2,1480267559865247.8,2288699795719647.5,5633994040007514.0,8911110999800754.0,1.474857545856656e+17,1.686860376202881e+17
2037,1.2909404445662295e-65,1.3070359674630975e-65,1.1017590159522254e-59,1.1511990000323533e-59,9.644531804508895e-54,9.775161670911876e-54,8.207516698519128e-48,8.326702596219362e-48,6.934549130472766e-42,6.947321712122825e-42,5.884740039848456e-36,5.703579328451379e-36,4.8810797079012846e-30,4.79385979241466e-30,4.043771415751557e-24,3.8592063335035276e-24,3.1421509583282684e-18,3.0324687660148048e-18,2.5289847817995074e-12,2.414131087459916e-12,2.0606889339936366e-06,1.928269667911093e-06,1.6454419826396922,1.6388247275466945,1406085.8507172316,1448924.5355197145,1400940.0383964602,1415737.9560025053,1493110.1908167172,1441676.0609814178,1629962.6593087232,1455485.11258135,1766221.2418760303,1779492.3025492942,2313751.9463084727,2782250.086774106,2772613.960620376,3626851.357653851,4459546.472468057,5572652.544108819,7485666.962531259,8093015.499639621,12114726.548277317,17263063.232598096,26645170.967982616,45989580.09526094,57612748.74156536,97971416.67588228,177497856.23134378,265553368.65594637,538490937.4415591,658589401.0288951,1284403665.9154782,2032980697.163451,4001296946.322919,7448043284.885912,11290196956.19332,21063966143.092705,37279612886.280365,64791373599.56197,165303756253.68246,196742421197.2994,474977586584.50244,952876132454.6149,2273641702936.4585,5798399076556.498,8401102915058.561,21029325837387.48,44128657125171.164,88881541573854.05,221841199430261.28,207150717115479.12,448785636644241.56,726688072677108.8,1201325035979613.2,2250682576172814.0,2493456142866907.5,5439306296966144.0,1.0380396932254804e+16,1.7525731702599848e+16,3.132657138088653e+17,3.543335318316464e+17
2038,1.6101095938343102e-71,1.321005613509803e-65,1.3740310087215653e-65,1.1636083828373653e-59,1.202684619380313e-59,9.881427837696808e-54,1.0233944691147788e-53,8.417984626034265e-48,8.645899829111817e-48,7.024118170509004e-42,7.336348078879381e-42,5.767149542650211e-36,6.084560563250238e-36,4.847729579004161e-30,5.040348731421697e-30,3.9029266660852056e-24,3.916171465861303e-24,3.0671009250510275e-18,3.1516757522565184e-18,2.441922750296287e-12,2.5678426716834626e-12,1.950644769465279e-06,2.0502140301796258e-06,1.6579914053472982,1.7518185320835686,1465870.2584219677,1479861.025650192,1528303.2241267536,1556982.279944769,1496949.769679893,1727393.0182647642,1562129.611651745,1858223.88191429,1875564.3595556107,2467854.5140775293,2747116.697976325,2913869.4911413197,3457356.532518045,4629553.4459939385,5211338.754697959,7525959.701319871,7847664.453160101,12399531.602415891,16065334.63163107,27741856.065055,41674596.44651731,60471294.567492284,99420794.22349684,188324242.21529838,279453859.93394494,550043333.723009,717109472.9654545,1414928239.1843631,2062691448.9265265,4772811912.545343,7093958755.25456,14362937902.721745,22771941283.976624,53094413381.3065,82610819820.67845,172975082381.02072,240348342426.9451,600705047190.5367,1069088755591.9733,3004698621435.071,5728409044436.906,12845049696155.334,27765271683367.53,70495222467378.72,136949823194839.95,290795935131645.1,354453558115075.7,863265229922759.6,1159940905060107.0,2516205843486673.0,3109050932295928.0,5461897317916397.0,9162310967849302.0,2.466997135413643e+16,3.2290423154396092e+16,6.161084574033875e+17,6.962458344221921e+17
2039,1.6271712128123215e-71,1.6476080060655287e-71,1.388716700107927e-65,1.4511648889435758e-65,1.2156489929031976e-59,1.2322258372727267e-59,1.0345198306180412e-53,1.0496376947891053e-53,8.740681079775915e-48,8.757573267914062e-48,7.417444877515187e-42,7.189751149809761e-42,6.15237706864749e-36,6.042987613982831e-36,5.0969883751025535e-30,4.864793146716062e-30,3.960537147335218e-24,3.822634012463888e-24,3.1876693087626902e-18,3.0431771580357782e-18,2.5974038741048945e-12,2.430715666833664e-12,2.0740041399845376e-06,2.065850559924973e-06,1.772306715356124,1.8263029124600398,1497168.5625575697,1614399.1282806552,1680777.8786031243,1560986.1078532406,1793621.0850846774,1655505.2776094172,1994377.356336254,1973262.6934616726,2601090.1899048956,2930082.610893147,2877074.0534396865,3633497.4371435177,4413199.017756986,5410005.577697567,7037999.435160451,7889905.698395104,12023622.517026879,16443014.51415113,25817098.332007747,43389875.695591,54797560.50128417,104353711.02655987,191110288.77458605,296498997.3603237,578835559.5630962,732493822.5113143,1540654074.1473603,2272307731.0200644,4842563597.912223,8461789091.984035,13680115056.924139,28969554725.68299,57399582576.843925,117656077350.03946,220548084878.72714,251502296582.06244,733845103161.3469,1352078560162.7427,3371151192384.3237,7570296910285.337,12690002513486.152,42452318249885.93,93075689602295.25,218776388903109.6,448062119500546.06,464628095040637.0,1477124658818216.8,2231213680524495.5,4016372626922573.5,6511986256210398.0,7544963082821114.0,2.00699746993237e+16,4.155565742650054e+16,7.674117082716018e+16,1.135153906048121e+18,1.2965957902713303e+18
2040,2.0296529718774316e-77,1.6650669791269015e-71,1.7320598261316496e-71,1.4666749899343665e-65,1.5160660251339073e-65,1.24550865120543e-59,1.2900585678472965e-59,1.0610483474302915e-53,1.0898746846232827e-53,8.853578746062266e-48,9.247967559584186e-48,7.269227449866496e-42,7.670004007394678e-42,6.110340760997984e-36,6.353703752940458e-36,4.9194600289286645e-30,4.9366015864696044e-30,3.8659400230578416e-24,3.972902561059605e-24,3.0779316117316028e-18,3.236941110815479e-18,2.458698252623902e-12,2.5844348674106596e-12,2.089822111644794e-06,2.208286972097002e-06,1.8476622188587337,1.8652969391615868,1633280.139410521,1775463.3368654377,1685100.0507080832,1870348.3932988266,1718977.1760059814,2113590.4564719656,2117845.148932688,2736581.2364255926,3088273.2719168942,3068695.50188586,3587614.761548774,4638036.9423299,5157178.025931355,7306302.2751544705,7378348.28414448,12088341.490472581,15944521.607705493,26424032.38527319,40379442.70274423,57052966.10667109,94562698.45735131,200592521.96430627,300885368.4494138,614141322.2473545,770836488.0272553,1573706155.7325075,2474217466.696876,5334678003.934577,8585452890.4324,16317863179.007637,27592324389.295345,73021457764.83669,127196239631.09589,314109248524.8439,320672486986.26227,767900984533.2227,1651752778015.4539,4263501254174.197,8493569129945.853,16770291030919.324,41939894203415.3,142310107438682.3,288853096041786.6,715776115819742.6,715904948771596.8,1936258222414127.0,3817807821230298.0,7725725950503816.0,1.0394445038764166e+16,1.5803117082634318e+16,2.772428871608987e+16,9.102736155651365e+16,1.2926767362732746e+17,2.697798025210989e+18,2.987432333464378e+18
2041,2.05097467272768e-77,2.0769222783378277e-77,1.7504136977648248e-71,1.8292923444068377e-71,1.5322697917338914e-65,1.5533047459640137e-65,1.3039647913662996e-59,1.3231399447267314e-59,1.1017227551626676e-53,1.1039518837929493e-53,9.349349017699973e-48,9.063172123245294e-48,7.754789075365243e-42,7.617598466490685e-42,6.424520039568667e-36,6.132403950718395e-36,4.9920753978566826e-30,4.81869123834994e-30,4.017910940056133e-24,3.836132672043477e-24,3.2739084361172235e-18,3.064083153318298e-18,2.6141870804660048e-12,2.6041457815319714e-12,2.23391131607944e-06,2.3021796235318783e-06,1.8871122955169197,2.034876046042215,1796228.0551044315,1780028.9955438795,2019059.719066988,1792511.3760069096,2194625.2924942686,2244438.4864520477,2937092.620981399,3249141.7336018835,3234369.660054374,3826560.275048141,4579469.254282029,5419919.2255323585,6964854.472529954,7659625.913865664,11304570.30842885,16030345.415719444,25622951.00859422,41328722.84697298,53094574.229444675,98454792.16024937,181771879.3199647,315814262.36353165,623226856.3115646,817853243.7621642,1656082398.2279818,2527297544.1399055,5808699814.885243,9457929826.291245,16556338626.85216,32912572175.145973,69549973035.66948,161813978832.22745,339578848331.34033,456708540295.1196,979095307740.5433,1728406415712.8804,5208462176788.723,10741832855122.518,18815593085510.223,55425066374082.27,140592342093615.52,441648246790846.06,945047809610127.4,1143653170455622.2,2983411589444955.5,5004494198457397.0,1.3219413817676944e+16,1.999431856465893e+16,2.5224966007865948e+16,5.806922788140479e+16,1.2574349946448736e+17,2.83159887090133e+17,4.54434133433885e+18,5.080505491782605e+18
2042,2.5585159968519334e-83,2.0987405478260215e-77,2.1833795581615385e-77,1.848676546015958e-71,1.9111046542834275e-71,1.569906521312172e-65,1.6262068489359504e-65,1.3374027699014016e-59,1.3738614163063708e-59,1.1159529881178807e-53,1.1657694313633495e-53,9.162527749126217e-48,9.668563634061031e-48,7.701804237847677e-42,8.009277373487077e-42,6.20075370273399e-36,6.222923392421031e-36,4.8728400620308794e-30,5.008115006400134e-30,3.879591606797277e-24,4.080385369576954e-24,3.0990763628956506e-18,3.257856707031835e-18,2.6341249081473555e-12,2.783696611146583e-12,2.3288934715634687e-06,2.35133425888798e-06,2.058674694477941,2.2378900926819525,1800847.1108956519,2132802.0506341546,1935033.8836507085,2288506.710722481,2330490.022195344,3112656.1449155733,3487208.8148749815,3402848.297118313,4033150.3886192255,4884475.144057831,5351478.171182718,7319690.821005331,7301666.122616822,11735523.49997232,14990986.72578252,25760870.43209387,40075785.00191159,54342774.34585851,91623900.16363542,189253404.2595714,286182911.6246042,654149222.7604628,829952467.8927513,1757094250.6814609,2659589887.6602755,5933315472.226407,10298330131.76353,18238838522.727764,33393569000.715656,82960336179.72359,154121243386.0123,431998656054.0293,493740827004.77325,1394448251580.5637,2203766690730.056,5450173635049.444,13122648921591.27,23796115967544.76,62184698745502.91,185797795636589.06,436317296890652.2,1444951478683345.5,1509979028086134.5,4765979239139658.0,7710989070648095.0,1.7328394423020678e+16,3.4212082178691604e+16,4.852168675317074e+16,9.26902136934166e+16,2.6337295790643603e+17,3.9115178669192806e+17,9.9543462261116e+18,1.081778675086881e+19
2043,2.5851594933886256e-83,2.618102181492725e-83,2.2063161716746383e-77,2.305947779875191e-77,1.9313557847427145e-71,1.958046602403195e-71,1.6435878045055642e-65,1.6679081817237624e-65,1.3886709950460175e-59,1.3916066865303048e-59,1.1784425566779592e-53,1.1424747053220507e-53,9.774555904556241e-48,9.602502872356195e-48,8.097812806565276e-42,7.730313863758746e-42,6.292282044281235e-36,6.074289347183626e-36,5.0643924317510665e-30,4.8357072206369045e-30,4.12661140415577e-24,3.8624861070819505e-24,3.295062897862096e-18,3.282703660840418e-18,2.815742740728194e-12,2.9020547135641485e-12,2.3786184835511455e-06,2.5651003114818755e-06,2.2640630675209454,2.2436448960118205,2157745.980886837,2044042.6779470986,2470465.78754486,2430183.445577763,3231995.0544591364,3695655.311883713,3652177.574980265,4243237.593226828,5148180.456979722,5707902.086397598,7227260.041789469,7673661.913046394,11187083.46001665,15562473.602116492,24090614.186855357,40291498.998394884,52695297.38811012,93777886.03715083,176122813.6999521,297961876.5482153,592773511.2579213,871131845.9754523,1783088495.1497796,2821810138.0575757,6243897109.314031,10519263080.578922,19859481279.385925,36787113771.26625,84172750029.9171,183838319494.14505,411461175929.4613,628117371718.4717,1507517316198.7505,3138651145077.651,6949124353176.634,13731637621022.883,29070278764452.105,78645105473415.69,208457665549004.28,576608873237340.4,1427510078208999.5,2308715397492964.5,6292579678267106.0,1.231825134485678e+16,2.6699813149744296e+16,4.484619834144393e+16,8.30249817856959e+16,1.7829500791057392e+17,4.2039642406253056e+17,8.192773661475448e+17,1.37507482140442e+19,1.5346554558623568e+19
2044,3.2251838827828216e-89,2.6453661878507607e-83,2.752298843278883e-83,2.330171984416578e-77,2.4090777770586408e-77,1.9787951559173917e-71,2.049944676752834e-71,1.6857348425939369e-65,1.7318460575122694e-65,1.406607550921851e-59,1.4695319238588627e-59,1.1548945927541524e-53,1.218788437260314e-53,9.707770947367076e-48,1.0096240872070804e-47,7.815765603515427e-42,7.844419800151213e-42,6.141991372993965e-36,6.31307094149152e-36,4.890047257113817e-30,5.143604427042307e-30,3.906243595695012e-24,4.10675090724832e-24,3.3201936150734575e-18,3.50903974765353e-18,2.9354633907279633e-12,2.9640174899568333e-12,2.5948650175918126e-06,2.821013390454738e-06,2.269885175462085,2.6882991496701742,2067948.5336157288,2609637.7674911083,2623407.233908608,3370252.952268352,3837346.348232041,3870485.0129263843,4554142.8327615615,5416349.688673717,6016062.955565319,7708616.451732808,7576761.296967566,11757028.440302743,14835187.457261175,25008997.352850337,37679121.12826481,52978937.82571909,90934878.69620645,180263284.16711137,277288983.4045636,617171398.4592079,789397686.5528643,1871559194.5418987,2863555663.400568,6624740245.027323,11069897875.545532,20285532270.64964,40055894806.71816,92726612472.13661,186525002492.48947,490797565981.8876,598256287993.3625,1917803354879.7236,3393149186675.4517,9897089923416.258,17508223368810.32,30419356329710.277,96075979066924.25,263636801730571.25,646932000662698.2,1886505494044908.5,2280847866698328.0,9621177064677668.0,1.6263935320545954e+16,4.265276558245975e+16,6.909959959142007e+16,1.0883157537763413e+17,3.0507883741878746e+17,8.086569311591693e+17,1.3077321141153487e+18,2.8801291883738878e+19,3.14744674063569e+19
2045,3.2584749558946656e-89,3.300296331787034e-89,2.7809603270409823e-83,2.906804446111076e-83,2.4343853721988642e-77,2.4682513046693373e-77,2.0716670335009043e-71,2.102512051695209e-71,1.7503560886308367e-65,1.7542151814370342e-65,1.4853727855924448e-59,1.4401673319813754e-59,1.2320379342722002e-53,1.2104610273605825e-53,1.0206921582670613e-47,9.744588324980997e-48,7.931132879480018e-42,7.657056438285486e-42,6.383434348203703e-36,6.095739154781792e-36,5.201404380479412e-30,4.868927525302814e-30,4.153275632795193e-24,4.1380721896962276e-24,3.5491145619326135e-18,3.658238221430102e-18,2.9981394873702636e-12,3.2334842049729243e-12,2.853747640309697e-06,2.828267713312719e-06,2.71973982954721,2.576422031937226,2640158.4726065733,2771195.064361104,3638221.6293883966,4001499.891270558,4018879.0016430104,4826364.879321341,5813209.741961562,6329440.272871547,8124792.817390442,8081395.500776138,11608564.341671461,15590991.29595504,23840243.738452066,39115525.79131259,49543945.13000381,91424349.48517157,174798351.42180708,283807768.91869444,574351429.2756646,821888402.3957543,1695959693.407591,3005635416.0199304,6722745868.460194,11745100324.455175,21347386111.27276,40915225090.74082,100965992006.37361,205480177567.4196,497970267950.5561,713609806118.9584,1826629811324.1943,4316628952708.9287,10699597079070.363,24935582135778.367,38785533091888.32,100534620450091.73,322069169999386.8,818176118123031.8,2116583407174336.0,3014221823922587.0,9505043890176512.0,2.486709894637835e+16,5.631495910051992e+16,1.1038612917195258e+17,1.67689092043913e+17,3.99906266482121e+17,1.3836849349838292e+18,2.515498652342283e+18,4.597267772876816e+19,5.064698366043459e+19
2046,4.065564180718303e-95,3.334362732483998e-89,3.469460375024799e-89,2.9370748975321712e-83,3.036806841202825e-83,2.4941805234424926e-77,2.5840950959415686e-77,2.124791441657276e-71,2.1831101061194013e-71,1.7729642945329784e-65,1.8524452601381281e-65,1.4556916572503582e-59,1.5363659989690086e-59,1.2236199967720994e-53,1.272700072151918e-53,9.851414021195818e-48,9.888426647095438e-48,7.741698382402933e-42,7.958056940490253e-42,6.16368025307364e-36,6.483864608019249e-36,4.9236408665488016e-30,5.176839987903523e-30,4.184951749052742e-24,4.423384287019758e-24,3.700016949474003e-18,3.736346534083951e-18,3.2707083239439833e-12,3.556080126466026e-12,2.861086140299827e-06,3.3887847859762803e-06,2.606554266418727,3.289328697526137,2803605.243440521,3843178.3262987575,4319658.987203722,4190798.1268131277,5011407.201679496,6160692.0039701145,6793203.166398667,8548014.082790826,8517697.634889834,12381728.282610781,15394113.106770145,25054825.474262904,37287527.19134173,51432660.99384429,85496673.5901741,175739230.0836247,275203740.77784634,587853854.5477135,764864962.6337059,1765763475.9853232,2723630934.8451347,7056305324.671139,11918855949.129498,22649458410.601963,43056947985.80248,103132043595.18782,223738465286.59103,548575352979.26544,724038770759.3402,2178833673244.4504,4111413774191.552,13611600313715.482,26957487892845.137,55239176798236.61,128184462750747.6,337015579534296.56,999516385980526.1,2676847016365826.0,3381835843148325.0,1.2561254588446194e+16,2.4566938672654708e+16,8.610398605956027e+16,1.4574413322777846e+17,2.6788215683648093e+17,6.161807223351048e+17,1.8137746984309942e+18,4.304245045211933e+18,8.84311149225796e+19,9.570980104647929e+19
2047,4.107158210294881e-95,4.160248543934848e-95,3.5052729250068904e-89,3.664225223345922e-89,3.0684310923920864e-83,3.1113991084917914e-83,2.611241264950596e-77,2.6503598577839636e-77,2.2062435580038494e-71,2.2113079129009925e-71,1.8722442597442787e-65,1.8154291884515045e-65,1.5529273005417823e-59,1.5258687305028058e-59,1.286535644665971e-53,1.2283718684447684e-53,9.996829180462306e-48,9.652242339350114e-48,8.046026177268042e-42,7.684095385227596e-42,6.556131624612126e-36,6.137615617240388e-36,5.235013417547339e-30,5.216322603506667e-30,4.473496101587989e-24,4.611459154222937e-24,3.779017294235881e-18,4.0760277370838776e-18,3.5970179945077534e-12,3.565224696085412e-12,3.4281072962005055e-06,3.247756033830595e-06,3.327798646304701,3.4929642593306114,3888125.7568825353,4563003.985937419,4524008.3178652385,5225784.579458658,6396892.288087101,7199264.139135452,9174333.563509637,8961385.351285508,13050198.780459842,16419405.537994444,24738440.93038876,39187203.63748088,49029041.70489166,88755980.52044845,164344834.566038,276685066.6899279,570032245.4828695,782846169.7392485,1643253039.1506271,2835732503.2591333,6394245744.361203,12510228460.724796,22984531818.74263,45683183299.753494,108530529329.83667,228538388989.43823,597319941138.1652,797617548281.8501,2210675975775.4663,4904161051305.489,12964496516078.822,34294240049188.223,59718254486329.945,182563023792920.72,429704322827592.0,1045901394647286.5,3270142450208249.0,4277014152093352.0,1.4093223220989358e+16,3.2466085868881724e+16,8.50646611234242e+16,2.2283867406007712e+17,3.536880317136871e+17,9.843444131533798e+17,2.7946873992841344e+18,5.642130344465746e+18,1.5131361246950425e+20,1.614522465456988e+20
2048,5.124920802336021e-101,4.202811271588496e-95,4.3734913542206056e-95,3.7020481798786874e-89,3.828102107402527e-89,3.1438001376326555e-83,3.2574281081349277e-83,2.678202144527645e-77,2.7519592031428326e-77,2.2347401644678752e-71,2.3351336285915123e-71,1.8348325589912987e-65,1.9366941720830966e-65,1.5423168764675566e-59,1.6043252938425954e-59,1.2417255473137845e-53,1.246503670692045e-53,9.75805568656889e-48,1.0031674019782789e-47,7.769036220838728e-42,8.173354017918888e-42,6.206023456772267e-36,6.525760301953788e-36,5.2749397090543764e-30,5.57597798748678e-30,4.6637016389429544e-24,4.709920017514583e-24,4.122577809555772e-18,4.482681934390225e-18,3.606267837116235e-12,4.2717947639157174e-12,3.285442085885181e-06,4.146423603050035e-06,3.5338158033684155,4.8441499873595175,4616370.051078858,4778865.194679675,5641286.501867587,6670537.781152654,7475283.169789995,9722725.64302776,9617992.858640693,13729984.932024347,17305864.03101303,26386092.605434734,38692359.8174238,51526909.563642666,84608118.39030536,170609993.61565793,258745651.10141808,573100530.5780109,759113096.8214269,1681884267.7560484,2638986544.6721463,6657425666.279731,11336453202.541098,24124944989.89809,46359014908.85714,115150290416.05664,240501317190.70468,610134412445.0094,868491200712.9313,2435330845604.2617,4975832322855.08,15464261773662.4,32663870918342.406,75971179614858.48,197366176445402.47,611993987639793.2,1333553633195197.8,3421901428872362.5,5224970068663230.0,1.7823725917064992e+16,3.6425644591489544e+16,1.1241598431287096e+17,2.2014888231773046e+17,5.4077903701838016e+17,1.299641760869872e+18,4.4644936595394063e+18,8.693467051027436e+18,1.9834631055557948e+20,2.137424295260623e+20
2049,5.176884521968419e-101,5.2442768968740924e-101,4.4182357293317173e-95,4.619005724804079e-95,3.8676166379747116e-89,3.9221307468703324e-89,3.2913498325346977e-83,3.3409593598072405e-83,2.780868800839834e-77,2.7875044620207643e-77,2.3598780064812747e-71,2.288472344906755e-71,1.957393627001105e-65,1.9234616489245986e-65,1.621619164593436e-59,1.5484465679792891e-59,1.2600544610960503e-53,1.2167310266636967e-53,1.0141646911979392e-47,9.68632677774881e-48,8.263703172272477e-42,7.736883525231147e-42,6.598494274134386e-36,6.575530834966659e-36,5.6386366294205615e-30,5.8130592021128295e-30,4.763277949639425e-24,5.1381113758343574e-24,4.533876180939588e-18,4.494209289110247e-18,4.320971993935086e-12,4.09401838594371e-12,4.194537542064291e-06,4.403120144359956e-06,4.900804161820573,5.751457211741646,4834755.838664952,5959084.471735121,7200911.9727075305,7795059.938989515,10095493.922596797,10192904.493151035,14735991.350546181,18207328.20845956,27810637.22938825,41269382.82562588,50876243.77487939,88918622.78051166,162636821.2458332,268609561.1039953,535942440.6419317,763199138.3023448,1630895601.6439223,2701026467.9614744,6195526811.952523,11803048793.00755,21861416100.47087,48659189287.90373,116853810189.40518,255170565286.65024,642072128473.7106,887123184688.8492,2651726275065.2197,5481489857034.778,15690262366485.32,38961995153140.15,72359463306220.22,251081371510344.78,661617620252873.4,1899275297814756.8,4363020363356025.5,5467447616123096.0,2.1774170277912376e+16,4.606758123182222e+16,1.2612622006608848e+17,2.909346016816278e+17,5.342515211177333e+17,1.9871156411676892e+18,5.894524643552858e+18,1.3887753077023388e+19,3.056145480933694e+20,3.284158751327836e+20
2050,6.460311988140237e-107,5.297450817965636e-101,5.5130839961606146e-101,4.6662619116927436e-95,4.825583710457842e-95,3.96261586219827e-89,4.106210258840332e-89,3.3757509496357885e-83,3.469032263881036e-83,2.816787466101488e-77,2.943595223052511e-77,2.312722273818446e-71,2.441335129757745e-71,1.9440196741731633e-65,2.0223615003166523e-65,1.5651380923939407e-59,1.571302942080905e-59,1.2299581574841108e-53,1.264560979730609e-53,9.792513777885553e-48,1.030307068285353e-47,7.822407886748383e-42,8.226166400510877e-42,6.648819533094283e-36,7.028901005311029e-36,5.8783819842153524e-30,5.93717584464697e-30,5.196320219513686e-24,5.650726768070471e-24,4.54553518324207e-18,5.3848891292159375e-18,4.141149040620698e-12,5.226850259062058e-12,4.454212718196923e-06,6.10638208927201e-06,5.818722688890284,6.0235403634509375,6028778.228541388,7606570.363814536,8414844.842231449,10527357.75393472,10583699.380431244,15616829.275671246,19541392.967636492,29259296.086832583,43497453.435293026,54264748.67345426,87795786.06631352,170922630.51954103,256056543.04521868,556373655.5379127,713715634.611335,1639674144.7981203,2619141085.3729033,6341177425.035987,10984141457.297878,22761207258.3919,44093728900.93093,122651693099.99072,258945528441.07855,681234971563.689,933559982511.0391,2708614498486.457,5968556882790.209,17284749251107.088,39531400542873.67,86311541754153.02,239144809660490.12,841683527037652.0,2053278346069098.0,6213905908028765.0,6971149163869503.0,2.2784654039078204e+16,5.627798377851368e+16,1.5951206776213747e+17,3.2641693991141325e+17,7.060324443067736e+17,1.9631300055268142e+18,9.012562129899939e+18,1.8336167323516127e+19,4.8821711243101694e+20,5.188164690331968e+20
